<?xml version="1.0" encoding="utf-8"?>
<UANodeSet xmlns:xsi="http://www.w3.org/2001/XMLSchema-instance" xmlns:uax="http://opcfoundation.org/UA/2008/02/Types.xsd" xmlns="http://opcfoundation.org/UA/2011/03/UANodeSet.xsd" xmlns:s1="http://hauni.com/OPC/UA/TMC/_Base/HVIP/Types.xsd" xmlns:ua="http://unifiedautomation.com/Configuration/NodeSet.xsd" xmlns:xsd="http://www.w3.org/2001/XMLSchema">
    <NamespaceUris>
        <Uri>http://hauni.com/OPC/UA/TMC/_Base/HVIP/</Uri>
    </NamespaceUris>
    <Models>
        <Model ModelUri="http://hauni.com/OPC/UA/TMC/_Base/HVIP/" PublicationDate="2020-04-08T09:17:41Z" Version="1.0.0">
            <RequiredModel ModelUri="http://opcfoundation.org/UA/" PublicationDate="2020-07-15T00:00:00Z" Version="1.04.7"/>
        </Model>
    </Models>
    <Aliases>
        <Alias Alias="Boolean">i=1</Alias>
        <Alias Alias="String">i=12</Alias>
        <Alias Alias="DateTime">i=13</Alias>
        <Alias Alias="Organizes">i=35</Alias>
        <Alias Alias="HasTypeDefinition">i=40</Alias>
        <Alias Alias="HasProperty">i=46</Alias>
        <Alias Alias="HasComponent">i=47</Alias>
        <Alias Alias="IdType">i=256</Alias>
        <Alias Alias="NumericRange">i=291</Alias>
    </Aliases>
    <Extensions>
        <Extension>
            <ua:ModelInfo Tool="UaModeler" Hash="EM9iM78VsUQEYrfIRlDpsQ==" Version="1.6.5"/>
        </Extension>
    </Extensions>
    <UAObject NodeId="ns=1;i=5001" BrowseName="1:MachineModuleSet">
        <DisplayName>MachineModuleSet</DisplayName>
        <References>
            <Reference ReferenceType="HasTypeDefinition">i=58</Reference>
            <Reference ReferenceType="Organizes" IsForward="false">i=85</Reference>
        </References>
    </UAObject>
    <UAObject NodeId="ns=1;i=5002" BrowseName="1:MachineTopology">
        <DisplayName>MachineTopology</DisplayName>
        <References>
            <Reference ReferenceType="HasTypeDefinition">i=58</Reference>
            <Reference ReferenceType="Organizes" IsForward="false">i=85</Reference>
        </References>
    </UAObject>
    <UAObject SymbolicName="http___hauni_com_OPC_UA_TMC__Base_HVIP_" NodeId="ns=1;i=5003" BrowseName="1:http://hauni.com/OPC/UA/TMC/_Base/HVIP/">
        <DisplayName>http://hauni.com/OPC/UA/TMC/_Base/HVIP/</DisplayName>
        <References>
            <Reference ReferenceType="HasProperty">ns=1;i=6001</Reference>
            <Reference ReferenceType="HasTypeDefinition">i=11616</Reference>
            <Reference ReferenceType="HasComponent" IsForward="false">i=11715</Reference>
            <Reference ReferenceType="HasProperty">ns=1;i=6002</Reference>
            <Reference ReferenceType="HasProperty">ns=1;i=6003</Reference>
            <Reference ReferenceType="HasProperty">ns=1;i=6004</Reference>
            <Reference ReferenceType="HasProperty">ns=1;i=6005</Reference>
            <Reference ReferenceType="HasProperty">ns=1;i=6006</Reference>
            <Reference ReferenceType="HasProperty">ns=1;i=6007</Reference>
        </References>
    </UAObject>
    <UAVariable DataType="Boolean" ParentNodeId="ns=1;i=5003" NodeId="ns=1;i=6001" BrowseName="IsNamespaceSubset">
        <DisplayName>IsNamespaceSubset</DisplayName>
        <References>
            <Reference ReferenceType="HasProperty" IsForward="false">ns=1;i=5003</Reference>
            <Reference ReferenceType="HasTypeDefinition">i=68</Reference>
        </References>
        <Value>
            <uax:Boolean>false</uax:Boolean>
        </Value>
    </UAVariable>
    <UAVariable DataType="DateTime" ParentNodeId="ns=1;i=5003" NodeId="ns=1;i=6002" BrowseName="NamespacePublicationDate">
        <DisplayName>NamespacePublicationDate</DisplayName>
        <References>
            <Reference ReferenceType="HasProperty" IsForward="false">ns=1;i=5003</Reference>
            <Reference ReferenceType="HasTypeDefinition">i=68</Reference>
        </References>
        <Value>
            <uax:DateTime>2020-04-08T09:17:41Z</uax:DateTime>
        </Value>
    </UAVariable>
    <UAVariable DataType="String" ParentNodeId="ns=1;i=5003" NodeId="ns=1;i=6003" BrowseName="NamespaceUri">
        <DisplayName>NamespaceUri</DisplayName>
        <References>
            <Reference ReferenceType="HasProperty" IsForward="false">ns=1;i=5003</Reference>
            <Reference ReferenceType="HasTypeDefinition">i=68</Reference>
        </References>
        <Value>
            <uax:String>http://hauni.com/OPC/UA/TMC/_Base/HVIP/</uax:String>
        </Value>
    </UAVariable>
    <UAVariable DataType="String" ParentNodeId="ns=1;i=5003" NodeId="ns=1;i=6004" BrowseName="NamespaceVersion">
        <DisplayName>NamespaceVersion</DisplayName>
        <References>
            <Reference ReferenceType="HasProperty" IsForward="false">ns=1;i=5003</Reference>
            <Reference ReferenceType="HasTypeDefinition">i=68</Reference>
        </References>
        <Value>
            <uax:String>1.0.0</uax:String>
        </Value>
    </UAVariable>
    <UAVariable DataType="IdType" ParentNodeId="ns=1;i=5003" ValueRank="1" NodeId="ns=1;i=6005" ArrayDimensions="0" BrowseName="StaticNodeIdTypes">
        <DisplayName>StaticNodeIdTypes</DisplayName>
        <References>
            <Reference ReferenceType="HasTypeDefinition">i=68</Reference>
            <Reference ReferenceType="HasProperty" IsForward="false">ns=1;i=5003</Reference>
        </References>
    </UAVariable>
    <UAVariable DataType="NumericRange" ParentNodeId="ns=1;i=5003" ValueRank="1" NodeId="ns=1;i=6006" ArrayDimensions="0" BrowseName="StaticNumericNodeIdRange">
        <DisplayName>StaticNumericNodeIdRange</DisplayName>
        <References>
            <Reference ReferenceType="HasTypeDefinition">i=68</Reference>
            <Reference ReferenceType="HasProperty" IsForward="false">ns=1;i=5003</Reference>
        </References>
    </UAVariable>
    <UAVariable DataType="String" ParentNodeId="ns=1;i=5003" NodeId="ns=1;i=6007" BrowseName="StaticStringNodeIdPattern">
        <DisplayName>StaticStringNodeIdPattern</DisplayName>
        <References>
            <Reference ReferenceType="HasTypeDefinition">i=68</Reference>
            <Reference ReferenceType="HasProperty" IsForward="false">ns=1;i=5003</Reference>
        </References>
    </UAVariable>
</UANodeSet>
