<?xml version='1.0' encoding='utf-8'?>
<UANodeSet xmlns="http://opcfoundation.org/UA/2011/03/UANodeSet.xsd" xmlns:uax="http://opcfoundation.org/UA/2008/02/Types.xsd" xmlns:xsd="http://www.w3.org/2001/XMLSchema" xmlns:xsi="http://www.w3.org/2001/XMLSchema-instance">
  <NamespaceUris>
    <Uri>urn:freeopcua:example</Uri>
  </NamespaceUris>
  <Aliases>
    <Alias Alias="HasModellingRule">i=37</Alias>
    <Alias Alias="Float">i=10</Alias>
    <Alias Alias="HasTypeDefinition">i=40</Alias>
    <Alias Alias="HasSubtype">i=45</Alias>
    <Alias Alias="HasComponent">i=47</Alias>
  </Aliases>
  <UAObjectType BrowseName="1:MyXmlObj" NodeId="ns=1;i=2001">
    <DisplayName>MyXmlObj</DisplayName>
    <Description>MyXmlObj</Description>
    <References>
      <Reference IsForward="false" ReferenceType="HasSubtype">i=58</Reference>
      <Reference ReferenceType="HasComponent">ns=1;i=2002</Reference>
    </References>
  </UAObjectType>
  <UAVariable BrowseName="1:MyXmlVar" DataType="Float" NodeId="ns=1;i=2002" ParentNodeId="ns=1;i=2001">
    <DisplayName>MyXmlVar</DisplayName>
    <Description>MyXmlVar</Description>
    <References>
      <Reference IsForward="false" ReferenceType="HasComponent">ns=1;i=2001</Reference>
      <Reference ReferenceType="HasTypeDefinition">i=63</Reference>
      <Reference ReferenceType="HasModellingRule">i=78</Reference>
    </References>
    <Value>
      <uax:Float>0.0</uax:Float>
    </Value>
  </UAVariable>
</UANodeSet>
